{"params": {"seed": 42, "sd": 0.07, "sigma": 0.52, "n_paths": 200}, "delta_median": {"ou": 1.158285405590207, "gbm": 1.190225587210755}, "frac_ou_worse": 0.43, "sigma_sweep": {"0.40": {"ou_med": 0.708876385175417, "gbm_med": 0.7819871138063411}, "0.52": {"ou_med": 1.1494481129042737, "gbm_med": 1.1639386394352695}, "0.63": {"ou_med": 1.5947379229745888, "gbm_med": 1.5673128732453798}, "0.80": {"ou_med": 2.1921818378520115, "gbm_med": 2.1878884568370793}}}